population,U_statistic,p_value,significant
b_cell,459968.0,0.05567186466219834,False
cd8_t_cell,478175.5,0.6390575277665635,False
cd4_t_cell,515277.5,0.01333977320368344,True
nk_cell,464546.5,0.12106031279217618,False
monocyte,466509.0,0.1631261907294167,False
